insert into brands (id, name) values 
(1, 'Rhycero'),
(2, 'Zooxo'),
(3, 'Photobug'),
(4, 'Livetube'),
(5, 'Feedbug'),
(6, 'Chatterpoint'),
(7, 'Skidoo'),
(8, 'Browsedrive'),
(9, 'Izio'),
(10, 'Skinix');

insert into productCategories (id, name, description) values (1, 'almacen', 'blablablabla'),
 (2, 'Herramientas', 'blablablabla'),
 (3, 'libreria', 'blablablabla'),
 (4, 'muebles', 'blablablabla'),
 (5, 'tecnologia', 'blablablabla'),
 (6, 'Vestimenta', 'blablablabla');
 
 insert into userCategories (id, type) values (1, 'admin'),
(2, 'normal');

insert into productSubCategories (id, name, description, productCategory_id) values (1, 'nombre de subcategoria', 'blablablabla', 6),
 (2, 'nombre de subcategoria', 'blablablabla', 3),
 (3, 'nombre de subcategoria', 'blablablabla', 6),
 (4, 'nombre de subcategoria', 'blablablabla', 2),
 (5, 'nombre de subcategoria', 'blablablabla', 2),
 (6, 'nombre de subcategoria', 'blablablabla', 1),
 (7, 'nombre de subcategoria', 'blablablabla', 5),
 (8, 'nombre de subcategoria', 'blablablabla', 3),
 (9, 'nombre de subcategoria', 'blablablabla', 2),
 (10, 'nombre de subcategoria', 'blablablabla', 2),
 (11, 'nombre de subcategoria78', 'blablablabla', 4),
 (12, 'nombre de subcategoria43', 'blablablabla', 3),
 (13, 'nombre de subcategoria65', 'blablablabla', 5),
 (14, 'nombre de subcategoria134', 'blablablabla', 3),
 (15, 'nombre de subcategoria6', 'blablablabla', 3),
 (16, 'nombre de subcategoria345', 'blablablabla', 3),
 (17, 'nombre de subcategoria5', 'blablablabla', 3),
 (18, 'nombre de subcategoria24', 'blablablabla', 4),
 (19, 'nombre de subcategoria765', 'blablablabla', 3),
 (20, 'nombre de subcategoria345', 'blablablabla', 3),
 (21, 'nombre de subcategoria5', 'blablablabla', 1),
 (22, 'nombre de subcategoria75', 'blablablabla', 5),
 (23, 'nombre de subcategoria134', 'blablablabla', 3),
 (24, 'nombre de subcategoria456', 'blablablabla', 4),
 (25, 'nombre de subcategoria15', 'blablablabla', 3),
 (26, 'nombre de subcategoria645', 'blablablabla', 3),
 (27, 'nombre de subcategoria25', 'blablablabla', 1),
 (28, 'nombre de subcategoria76', 'blablablabla', 6),
 (29, 'nombre de subcategoria135', 'blablablabla', 5),
 (30, 'nombre de subcategoria345', 'blablablabla', 3);
 
 insert into models (id, brand_id, name, description) values (1, 8, 'Nombre de modelo825', 'descripcion de modelo'),
(2, 5, 'Nombre de modelo289', 'descripcion de modelo'),
(3, 2, 'Nombre de modelo884', 'descripcion de modelo'),
(4, 10, 'Nombre de modelo038', 'descripcion de modelo'),
(5, 7, 'Nombre de modelo987', 'descripcion de modelo'),
(6, 1, 'Nombre de modelo221', 'descripcion de modelo'),
(7, 8, 'Nombre de modelo369', 'descripcion de modelo'),
(8, 4, 'Nombre de modelo541', 'descripcion de modelo'),
(9, 10, 'Nombre de modelo194', 'descripcion de modelo'),
(10, 10, 'Nombre de modelo449', 'descripcion de modelo'),
(11, 4, 'Nombre de modelo113', 'descripcion de modelo'),
(12, 6, 'Nombre de modelo456', 'descripcion de modelo'),
(13, 7, 'Nombre de modelo177', 'descripcion de modelo'),
(14, 7, 'Nombre de modelo401', 'descripcion de modelo'),
(15, 5, 'Nombre de modelo550', 'descripcion de modelo'),
(16, 8, 'Nombre de modelo187', 'descripcion de modelo'),
(17, 3, 'Nombre de modelo400', 'descripcion de modelo'),
(18, 8, 'Nombre de modelo296', 'descripcion de modelo'),
(19, 5, 'Nombre de modelo610', 'descripcion de modelo'),
(20, 5, 'Nombre de modelo662', 'descripcion de modelo'),
(21, 1, 'Nombre de modelo245', 'descripcion de modelo'),
(22, 4, 'Nombre de modelo525', 'descripcion de modelo'),
(23, 6, 'Nombre de modelo375', 'descripcion de modelo'),
(24, 5, 'Nombre de modelo532', 'descripcion de modelo'),
(25, 2, 'Nombre de modelo282', 'descripcion de modelo'),
(26, 4, 'Nombre de modelo441', 'descripcion de modelo'),
(27, 7, 'Nombre de modelo651', 'descripcion de modelo'),
(28, 3, 'Nombre de modelo475', 'descripcion de modelo'),
(29, 10, 'Nombre de modelo218', 'descripcion de modelo'),
(30, 6, 'Nombre de modelo236', 'descripcion de modelo'),
(31, 5, 'Nombre de modelo518', 'descripcion de modelo'),
(32, 2, 'Nombre de modelo238', 'descripcion de modelo'),
(33, 5, 'Nombre de modelo078', 'descripcion de modelo');

insert into products (id, productName, price, minBuy, productImages, models_id) values 
 (1, 'Azucar 1kg', 300, 10, 'azucar.jpg', 1),
 (2, 'Azucar Ledesma 1000 sobres', 500, 5, 'azucarEnSobre.jpg', 2),
 (3, 'Cafe Molido Bonafide Sensaciones Intenso Torrado', 2000, 20, 'cafe.jpg', 3),
 (4, 'Cafe Nescafe Gold Suave Tostado Y Molido - Libre De Gluten', 5000, 10, 'cafeMolido.jpg', 4),
 (5, 'Edulcorante Hileret X500 Sobres', 600, 5, 'edulcorante.jpg', 5),
 (6, 'Amoladora angular Black+Decker G720N naranja 820 W 220 V', 14890, 5, 'amoladora.jpg', 6),
 (7, 'Sierra Sensitiva Bosch Gco 220 2200w 3800rpm 355mm 1 Disco', 88520, 5, 'sierraSensitiva.jpg', 7),
 (8, 'Taladro percutor eléctrico de 13mm Black+Decker TM555 560W naranja 220V + accesorios', 24203, 5, 'taladro.jpg', 8),
 (9, 'Taladro percutor eléctrico de 13mm Makita M8100B 710W turquesa 220V', 20146, 5, 'taladroMakita.webp', 9),
 (10, 'Amoladora angular Bosch Professional GWS 670 azul 670 W 220 V', 11510, 5, 'amoladoraBosch.webp', 10),
 (11, 'Soldadora inverter Stanley Sirio 140 50Hz/60Hz 230V', 101684, 25, 'soldadoraStanley.webp', 11),
 (12, 'Juego De Tubos Set herramientas Cromo Vanadium 46 Piezas 1/4', 8413, 4, 'juegoTubos.webp', 12),
 (13, 'Escritorio para pc Su-Office Fan melamina de 163cm x 75cm x 60cm x 140cm blanco y negro', 98424, 10, 'escritorioOficina.webp', 13),
 (14, 'Cajonera 4 Cajones / Escritorio / Oficina Con Ruedas', 30324, 5, 'cajonera.webp', 14),
 (15, 'Silla de escritorio Baires4 Ejecutiva Mesh negra con tapizado de mesh y cuero sintético', 55424, 5, 'sillaEscritorio.webp', 15),
 (16, 'Escritorio Combinado Negro Y Haya Astra Cajon C/guias Metalicas', 47210, 5, 'escritorioOficinaCombinado.webp', 16), 
 (17, 'Silla de escritorio de Outlet Diva ergonómica negra con tapizado de marathon', 40123, 5, 'sillaPc.jpg', 17),
 (18, 'Auriculares Logitech H151 negro', 20345, 20, 'auricularesOficina.jpeg', 18), 
 (19, 'Cable Hdmi 5 Metros Oro 1080p Reforzado Filtro Tv Ps4 Pc Ps3', 21490, 20, 'cableHdmiMetro.jpg', 19),
 (20, 'Impresora a color multifunción Epson EcoTank L3210 negra 220V', 150124, 5, 'impresora.jpg', 20),
 (21, 'Impresora simple función Xerox Phaser 3020/BI con wifi blanca y azul 220V - 240V', 13255, 5, 'impresoraXerox.jpg', 21),
 (22, 'Apple Macbook Air', 300524, 2, 'macbook1.webp', 22), 
 (23, 'Monitor LG 24MK430H led 23.8 negro 100V/240V', 150909, 10, 'monitorLg.jpeg', 23),
 (24, 'Monitor Daewoo Dw-mon24 Lcd 1080p Hdmi 24 Pul Full Hd', 145124, 10, 'monitor.jpeg', 24),
 (25, 'Mouse Logitech M90 negro', 1999, 10, 'mouseOficina.jpeg', 25),
 (26, 'Teclado Genius KB-116 QWERTY español color negro', 3998, 10, 'tecladoOficina.jpeg', 26),
 (27, 'Botín Borcego Zapato Seguridad Trabajo Punta Acero', 8000, 3, 'botasTrabajo.jpg', 27),
 (28, 'Delantal de cocina Universal', 5200, 30, 'delantalCocina.jpg', 28),
 (29, 'Remera Clásica Manga Corta Blanca', 4000, 10, 'remeraLisa.jpg', 29),
 (30, 'Resma A4 Papel Autor 75grs 500 Hojas', 2500, 4, 'cajaHojasA4.jpg', 30),
 (31, 'Birome Bic Opaca En Caja X50 Unid', 1423, 10, 'cajaLapiceras.jpg', 31),
 (32, 'Cartuchos Epson Original T206 Negro + Col Combo 206', 15234, 5, 'cartuchos.jpg', 32),
 (33, 'Casaca De Cocina Unisex Edulchef Mangas Cortas', 66883, 5, 'uniformeCocina.jpg', 33);
 
 insert into users (id, userName, firstName, lastName, email, cuit, companyName, phoneNumber, password, companyImg, userCategory_id) values  
 (1, 'cblasgen0', 'Caty', 'Blasgen', 'cblasgen0@columbia.edu', 828437021, 'Rodriguez, Bednar and Bergstrom', 615252920, 'N1USyJKtQ3cm', 'default-avatar.png', 2),
 (2, 'mmackinder1', 'Milt', 'Mackinder', 'mmackinder1@cdc.gov', 925814942, 'Runolfsson-Padberg', 280428797, '9VyMSEp3', 'default-avatar.png', 2),
 (3, 'nredwing2', 'Noll', 'Redwing', 'nredwing2@apache.org', 795591695, 'Dare, Dietrich and Langosh', 568287395, 'yP3Z5J9TB42x', 'default-avatar.png', 2),
 (4, 'oleahey3', 'Oates', 'Leahey', 'oleahey3@wp.com', 451082677, 'Lebsack, Mayer and Farrell', 362433944, 'DpLAvOOp', 'default-avatar.png', 2),
 (5, 'jsoppit4', 'Janel', 'Soppit', 'jsoppit4@mashable.com', 714295288, 'Harber, Koss and Ward', 763625470, 'tLhijp', 'default-avatar.png', 2),
 (6, 'dhubbucks5', 'Des', 'Hubbucks', 'dhubbucks5@sogou.com', 490360200, 'Purdy-Gibson', 594996542, 'IvRmaSXh', 'default-avatar.png', 2),
 (7, 'gcersey6', 'Gina', 'Cersey', 'gcersey6@accuweather.com', 672073267, 'Casper and Sons', 745536329, 'P0g25kz9', 'default-avatar.png', 2),
 (8, 'baujean7', 'Brandyn', 'Aujean', 'baujean7@cbsnews.com', 898836209, 'DuBuque and Sons', 912818548, 'xZhFyxU23iS3', 'default-avatar.png', 2),
 (9, 'stipling8', 'Sasha', 'Tipling', 'stipling8@homestead.com', 158066727, 'Sauer-Rodriguez', 673265280, 'N7FZTcALJsVg', 'default-avatar.png', 2),
 (10, 'klys9', 'Kimberlee', 'Lys', 'klys9@state.tx.us', 875178162, 'O''Conner Inc', 519301635, 'ANlmugGd', 'default-avatar.png', 2),
 (11, 'hkeelya', 'Herold', 'Keely', 'hkeelya@java.com', 114230459, 'Treutel Group', 778144493, 'TrWvV1AE', 'default-avatar.png', 2),
 (12, 'iszabob', 'Ivette', 'Szabo', 'iszabob@cbsnews.com', 723561201, 'Hilll LLC', 761304592, 'PIwTUjJlnbkb', 'default-avatar.png', 2),
 (13, 'fsplavenc', 'Francklyn', 'Splaven', 'fsplavenc@list-manage.com', 541949483, 'Cummerata Inc', 709887610, 'FOs0cQ', 'default-avatar.png', 2),
 (14, 'khelversend', 'Kalindi', 'Helversen', 'khelversend@cdbaby.com', 897716415, 'Goyette-Johnson', 698439045, 'gCPX1svVJD', 'default-avatar.png', 2),
 (15, 'rthreadere', 'Robbyn', 'Threader', 'rthreadere@wikimedia.org', 155423490, 'West, Nader and Osinski', 670743127, 'd3laXo7', 'default-avatar.png', 2),
 (16, 'pwestrawf', 'Price', 'Westraw', 'pwestrawf@exblog.jp', 208169616, 'Hahn, Dooley and Walsh', 419779744, '2VHZXi', 'default-avatar.png', 2),
 (17, 'smahoneyg', 'Spence', 'Mahoney', 'smahoneyg@netlog.com', 624189026, 'Hoppe Group', 706437352, 'hadiCPU', 'default-avatar.png', 2),
 (18, 'skohlerh', 'Spike', 'Kohler', 'skohlerh@nifty.com', 598001390, 'Littel-Reilly', 809344431, '3YyYWDhUGIN', 'default-avatar.png', 2),
 (19, 'cchasteyi', 'Cookie', 'Chastey', 'cchasteyi@disqus.com', 734879257, 'Heller, Schaden and Hansen', 308764799, 'YfgNZpCZyj', 'default-avatar.png', 2),
 (20, 'nparlattj', 'Nat', 'Parlatt', 'nparlattj@miitbeian.gov.cn', 991401252, 'Buckridge-Pfeffer', 483764225, 'Ln6PA7X', 'default-avatar.png', 2),
 (21, 'hrouthamk', 'Henri', 'Routham', 'hrouthamk@linkedin.com', 723496832, 'Morar, Lind and Langworth', 810347519, '8h6lyM', 'default-avatar.png', 2),
 (22, 'ikelloughl', 'Ilise', 'Kellough', 'ikelloughl@seattletimes.com', 654781141, 'Hessel, Simonis and O''Conner', 986945284, 'P1A4DA', 'default-avatar.png', 2),
 (23, 'akeavym', 'Anatola', 'Keavy', 'akeavym@toplist.cz', 812181857, 'Grimes-Stracke', 555655093, 'X5TpZVGhc', 'default-avatar.png', 2),
 (24, 'bobispon', 'Blakelee', 'Obispo', 'bobispon@bing.com', 165147933, 'Strosin and Sons', 668092475, 'fjFmIY', 'default-avatar.png', 2),
 (25, 'qliversleyo', 'Quent', 'Liversley', 'qliversleyo@prlog.org', 838350959, 'Hagenes LLC', 207183768, 'Uzzz06Gw7NKe', 'default-avatar.png', 2),
 (26, 'zcarneyp', 'Zebulon', 'Carney', 'zcarneyp@privacy.gov.au', 890569521, 'Hermann LLC', 657610173, 'Jb5tQF', 'default-avatar.png', 2),
 (27, 'rbirdq', 'Risa', 'Bird', 'rbirdq@foxnews.com', 163005138, 'Haag, Barrows and Wisoky', 291066788, 'qJQmaADxwv', 'default-avatar.png', 2),
 (28, 'cworvillr', 'Caria', 'Worvill', 'cworvillr@soundcloud.com', 997046829, 'Metz Inc', 853272157, 'rHQmFjoEaCpZ', 'default-avatar.png', 2),
 (29, 'efontanets', 'Edvard', 'Fontanet', 'efontanets@economist.com', 320952409, 'Anderson, Waelchi and DuBuque', 980216407, '6lWn1B5q', 'default-avatar.png', 2),
 (30, 'rmarchingtont', 'Ryon', 'Marchington', 'rmarchingtont@twitter.com', 627527342, 'Boehm LLC', 634717067, 'FX48i5z', 'default-avatar.png', 2);

 
 insert into products_productSubCategories (id, product_id, productSubCategories_id) values (1, 1, 4),
 (2, 2, 2),
 (3, 3, 3),
 (4, 4, 4),
 (5, 5, 5),
 (6, 6, 6),
 (7, 7, 7),
 (8, 8, 8),
 (9, 9, 9),
 (10, 10, 10),
 (11, 11, 11),
 (12, 12, 12),
 (13, 13, 13),
 (14, 14, 14),
 (15, 15, 15),
 (16, 16, 16),
 (17, 17, 17),
 (18, 18, 18),
 (19, 19, 19),
 (20, 20, 20),
 (21, 21, 21),
 (22, 22, 22),
 (23, 23, 23),
 (24, 24, 24),
 (25, 25, 25),
 (26, 26, 26),
 (27, 27, 27),
 (28, 28, 28),
 (29, 29, 29),
 (30, 30, 30),
 (31, 31, 21),
 (32, 32, 25),
 (33, 33, 23);  

 insert into orders (id, user_id, total, orderDate) values 
 (1, 1, 54000, '2021-07-03'),
 (2, 1, 21000, '2021-04-18'),
(3, 4, 114400, '2021-12-04'),
 (4, 4, 35700, '2021-01-15');
 
insert into buyDetail (id, product_id, quantity, order_id, price) values 
(1, 24, 10, 1, 35700),
 (2, 14, 5, 2, 21000),
 (3, 12, 15,  3, 114400),
 (4, 10, 10, 4, 35700);
 
 insert into favoriteProducts (id, product_id, user_id) values (1, 19, 26),
(2, 24, 30),
(3, 19, 23),
(4, 21, 9),
(5, 10, 5),
(6, 10, 25),
(7, 5, 3),
(8, 4, 12),
(9, 5, 29),
(10, 27, 29);

insert into productcart  (id, product_id, quantity, user_id) values (1, 16, 3, 13),
(2, 9, 2, 20),
(3, 9, 3, 3),
(4, 27, 5, 7),
(5, 21, 6, 24),
(6, 21, 4, 17),
(7, 11, 7, 25),
(8, 25, 6, 15),
(9, 25, 8, 26),
(10, 18, 10, 7),
(11, 8, 21, 13),
(12, 23, 7, 28),
(13, 25, 1, 26),
(14, 4, 11, 25),
(15, 27, 18, 24);




